Stage Rot,1,--
Wait,Sec,5
Stage Rot,10,--
Pumping Forward,0.0011,--
MFC/PC,MFC-4 Ar,210
MFC/PC,MFC-5 Ar,70
RTV Pressure Ctrl,100 Torr,60
Heater Ramp,850,2300
Accumulation PC1,130,20
Accumulation PC2,125,10
Wait,Sec,2300
MFC/PC,MFC-4 Ar,130
MFC/PC,MFC-3 O2,0.2
MFC/PC,PC-1,130
MFC/PC,MFC-1 Ar,70
MFC/PC,PC-2,135
MFC/PC,MFC-2 Ar,10
MFC/PC,MFC-8 H2Se,2.5
Wait,Sec,900
Heater Soak,0,--
MFC/PC,MFC-4 Ar,210
MFC/PC,MFC-1 Ar,0
MFC/PC,MFC-2 Ar,0
MFC/PC,MFC-3 O2,0
MFC/PC,MFC-8 H2Se,0.4
Wait,Sec,600
MFC/PC,MFC-8 H2Se,0
Wait,Sec,3600
Pumping Forward,0.02,--
Wait,Sec,600
End,--,--
--,--,--
--,--,--
--,--,--
--,--,--
--,--,--
--,--,--
--,--,--
--,--,--
--,--,--
--,--,--
--,--,--
--,--,--
--,--,--
--,--,--
--,--,--
--,--,--
--,--,--
--,--,--
--,--,--
--,--,--
--,--,--
--,--,--
--,--,--
--,--,--
--,--,--
--,--,--
--,--,--
--,--,--
--,--,--
--,--,--
--,--,--
--,--,--
--,--,--
--,--,--
--,--,--
--,--,--
--,--,--
--,--,--
--,--,--
--,--,--
--,--,--
--,--,--
--,--,--
--,--,--
--,--,--
--,--,--
--,--,--
--,--,--
--,--,--
--,--,--
--,--,--
--,--,--
--,--,--
--,--,--
--,--,--
--,--,--
--,--,--
--,--,--
--,--,--
--,--,--
--,--,--
--,--,--
--,--,--
--,--,--
--,--,--
--,--,--
--,--,--
--,--,--
--,--,--
--,--,--
--,--,--
--,--,--
--,--,--
--,--,--
--,--,--
--,--,--
--,--,--
--,--,--
--,--,--
--,--,--
--,--,--
--,--,--
--,--,--
--,--,--
--,--,--
--,--,--
--,--,--
--,--,--
--,--,--
--,--,--
--,--,--
--,--,--
--,--,--
--,--,--
--,--,--
--,--,--
--,--,--
--,--,--
--,--,--
--,--,--
--,--,--
--,--,--
--,--,--
--,--,--
--,--,--
--,--,--
--,--,--
--,--,--
--,--,--
--,--,--
--,--,--
--,--,--
--,--,--
--,--,--
--,--,--
--,--,--
--,--,--
--,--,--
--,--,--
--,--,--
--,--,--
--,--,--
--,--,--
--,--,--
--,--,--
--,--,--
--,--,--
--,--,--
--,--,--
--,--,--
--,--,--
--,--,--
--,--,--
--,--,--
--,--,--
--,--,--
--,--,--
--,--,--
--,--,--
--,--,--
--,--,--
--,--,--
--,--,--
--,--,--
--,--,--
--,--,--
--,--,--
--,--,--
--,--,--
--,--,--
--,--,--
--,--,--
--,--,--
--,--,--
--,--,--
--,--,--
--,--,--
--,--,--
--,--,--
--,--,--
--,--,--
--,--,--
--,--,--
--,--,--
--,--,--
--,--,--
--,--,--
--,--,--
--,--,--
--,--,--
--,--,--
--,--,--
--,--,--
--,--,--
--,--,--
--,--,--
--,--,--
--,--,--
--,--,--
--,--,--
--,--,--
--,--,--
--,--,--
--,--,--
--,--,--
--,--,--
--,--,--
--,--,--
--,--,--
--,--,--
--,--,--
--,--,--
--,--,--
--,--,--
--,--,--
--,--,--
--,--,--
--,--,--
--,--,--
--,--,--
--,--,--
--,--,--
--,--,--
--,--,--
--,--,--
--,--,--
--,--,--
--,--,--
--,--,--
--,--,--
--,--,--
--,--,--
--,--,--
--,--,--
--,--,--
--,--,--
--,--,--
--,--,--
--,--,--
--,--,--
--,--,--
--,--,--
--,--,--
--,--,--
--,--,--
--,--,--
--,--,--
--,--,--
--,--,--
--,--,--
--,--,--
--,--,--
--,--,--
--,--,--
--,--,--
--,--,--
--,--,--
--,--,--
--,--,--
--,--,--
--,--,--
--,--,--
--,--,--
--,--,--
--,--,--
--,--,--
--,--,--
--,--,--
--,--,--
--,--,--
--,--,--
--,--,--
--,--,--
--,--,--
--,--,--
--,--,--
--,--,--
--,--,--
--,--,--
--,--,--
--,--,--
--,--,--
--,--,--
--,--,--
--,--,--
--,--,--
--,--,--
--,--,--
--,--,--
--,--,--
--,--,--
--,--,--
--,--,--
--,--,--
--,--,--
--,--,--
--,--,--
--,--,--
--,--,--
--,--,--
--,--,--
--,--,--
--,--,--
--,--,--
--,--,--
--,--,--
--,--,--
--,--,--
--,--,--
--,--,--
--,--,--
--,--,--
--,--,--
--,--,--
--,--,--
--,--,--
--,--,--
--,--,--
--,--,--
--,--,--
--,--,--
--,--,--
--,--,--
--,--,--
--,--,--
--,--,--
--,--,--
--,--,--
--,--,--
--,--,--
--,--,--
--,--,--
--,--,--
--,--,--
--,--,--
--,--,--
--,--,--
--,--,--
--,--,--
--,--,--
--,--,--
--,--,--
--,--,--
--,--,--
--,--,--
--,--,--
--,--,--
--,--,--
--,--,--
--,--,--
--,--,--
--,--,--
--,--,--
--,--,--
--,--,--
--,--,--
--,--,--
--,--,--
--,--,--
--,--,--
--,--,--
--,--,--
--,--,--
--,--,--
--,--,--
--,--,--
--,--,--
--,--,--
--,--,--
--,--,--
--,--,--
--,--,--
--,--,--
--,--,--
--,--,--
--,--,--
--,--,--
--,--,--
--,--,--
--,--,--
--,--,--
--,--,--
--,--,--
--,--,--
--,--,--
--,--,--
--,--,--
--,--,--
--,--,--
--,--,--
--,--,--
--,--,--
--,--,--
--,--,--
--,--,--
--,--,--
--,--,--
--,--,--
--,--,--
--,--,--
--,--,--
--,--,--
--,--,--
--,--,--
--,--,--
--,--,--
--,--,--
--,--,--
--,--,--
--,--,--
--,--,--
--,--,--
--,--,--
--,--,--
--,--,--
--,--,--
--,--,--
--,--,--
--,--,--
--,--,--
--,--,--
--,--,--
--,--,--
--,--,--
--,--,--
--,--,--
--,--,--
--,--,--
--,--,--
--,--,--
--,--,--
--,--,--
--,--,--
--,--,--
--,--,--
--,--,--
--,--,--
--,--,--
--,--,--
--,--,--
--,--,--
--,--,--
--,--,--
--,--,--
--,--,--
--,--,--
--,--,--
--,--,--
--,--,--
--,--,--
--,--,--
--,--,--
--,--,--
--,--,--
--,--,--
--,--,--
--,--,--
--,--,--
--,--,--
--,--,--
--,--,--
--,--,--
--,--,--
--,--,--
--,--,--
--,--,--
--,--,--
--,--,--
--,--,--
--,--,--
--,--,--
--,--,--
--,--,--
--,--,--
--,--,--
--,--,--
--,--,--
--,--,--
--,--,--
--,--,--
--,--,--
--,--,--
--,--,--
--,--,--
--,--,--
--,--,--
--,--,--
--,--,--
--,--,--
--,--,--
--,--,--
--,--,--
--,--,--
--,--,--
--,--,--
--,--,--
--,--,--
--,--,--
--,--,--
--,--,--
--,--,--
--,--,--
--,--,--
--,--,--
--,--,--
--,--,--
--,--,--
--,--,--
--,--,--
--,--,--
--,--,--
--,--,--
--,--,--
--,--,--
--,--,--
--,--,--
--,--,--
--,--,--
--,--,--
--,--,--
--,--,--
--,--,--
--,--,--
--,--,--
--,--,--
--,--,--
--,--,--
--,--,--
--,--,--
--,--,--
--,--,--
--,--,--
--,--,--
--,--,--
--,--,--
--,--,--
--,--,--
--,--,--
--,--,--
--,--,--
--,--,--
--,--,--
--,--,--
--,--,--
--,--,--
--,--,--
--,--,--
--,--,--
--,--,--
--,--,--
--,--,--
--,--,--
--,--,--
--,--,--
--,--,--
--,--,--
--,--,--
--,--,--
--,--,--
--,--,--
--,--,--
--,--,--
--,--,--
--,--,--
--,--,--
--,--,--
--,--,--
--,--,--
--,--,--
--,--,--
--,--,--
--,--,--
--,--,--
--,--,--
--,--,--
--,--,--
--,--,--
--,--,--
--,--,--
--,--,--
--,--,--
--,--,--
--,--,--
--,--,--
--,--,--
--,--,--
--,--,--
--,--,--
--,--,--
--,--,--
--,--,--
--,--,--
--,--,--
--,--,--
--,--,--
--,--,--
--,--,--
--,--,--
--,--,--
--,--,--
--,--,--
--,--,--
--,--,--
--,--,--
--,--,--
--,--,--
--,--,--
--,--,--
--,--,--
--,--,--
--,--,--
--,--,--
--,--,--
--,--,--
--,--,--
--,--,--
--,--,--
--,--,--
--,--,--
--,--,--
--,--,--
--,--,--
--,--,--
--,--,--
--,--,--
--,--,--
--,--,--
--,--,--
--,--,--
--,--,--
--,--,--
--,--,--
--,--,--
--,--,--
--,--,--
--,--,--
--,--,--
--,--,--
--,--,--
--,--,--
--,--,--
--,--,--
--,--,--
--,--,--
--,--,--
--,--,--
--,--,--
--,--,--
--,--,--
--,--,--
--,--,--
--,--,--
--,--,--
--,--,--
--,--,--
--,--,--
--,--,--
--,--,--
--,--,--
--,--,--
--,--,--
--,--,--
--,--,--
--,--,--
--,--,--
--,--,--
--,--,--
--,--,--
--,--,--
--,--,--
--,--,--
--,--,--
--,--,--
--,--,--
--,--,--
--,--,--
--,--,--
--,--,--
--,--,--
--,--,--
--,--,--
--,--,--
--,--,--
--,--,--
--,--,--
--,--,--
--,--,--
--,--,--
--,--,--
--,--,--
--,--,--
--,--,--
--,--,--
--,--,--
--,--,--
--,--,--
--,--,--
--,--,--
--,--,--
--,--,--
--,--,--
--,--,--
--,--,--
--,--,--
--,--,--
--,--,--
--,--,--
--,--,--
--,--,--
--,--,--
--,--,--
--,--,--
--,--,--
--,--,--
--,--,--
--,--,--
--,--,--
--,--,--
--,--,--
--,--,--
--,--,--
--,--,--
--,--,--
--,--,--
--,--,--
--,--,--
--,--,--
--,--,--
--,--,--
--,--,--
--,--,--
--,--,--
--,--,--
--,--,--
--,--,--
--,--,--
--,--,--
--,--,--
--,--,--
--,--,--
--,--,--
--,--,--
--,--,--
--,--,--
--,--,--
--,--,--
--,--,--
--,--,--
--,--,--
--,--,--
--,--,--
--,--,--
--,--,--
--,--,--
--,--,--
--,--,--
--,--,--
--,--,--
--,--,--
--,--,--
--,--,--
--,--,--
--,--,--
--,--,--
--,--,--
--,--,--
--,--,--
--,--,--
--,--,--
--,--,--
--,--,--
--,--,--
--,--,--
--,--,--
--,--,--
--,--,--
--,--,--
--,--,--
--,--,--
--,--,--
--,--,--
--,--,--
--,--,--
--,--,--
--,--,--
--,--,--
--,--,--
--,--,--
--,--,--
--,--,--
--,--,--
--,--,--
--,--,--
--,--,--
--,--,--
--,--,--
--,--,--
--,--,--
--,--,--
--,--,--
--,--,--
--,--,--
--,--,--
--,--,--
--,--,--
--,--,--
--,--,--
--,--,--
--,--,--
--,--,--
--,--,--
--,--,--
--,--,--
--,--,--
--,--,--
--,--,--
--,--,--
--,--,--
--,--,--
--,--,--
--,--,--
--,--,--
--,--,--
--,--,--
--,--,--
--,--,--
--,--,--
--,--,--
--,--,--
--,--,--
--,--,--
--,--,--
--,--,--
--,--,--
--,--,--
--,--,--
--,--,--
--,--,--
--,--,--
--,--,--
--,--,--
--,--,--
--,--,--
--,--,--
--,--,--
--,--,--
--,--,--
--,--,--
--,--,--
--,--,--
--,--,--
--,--,--
--,--,--
--,--,--
--,--,--
--,--,--
--,--,--
--,--,--
--,--,--
--,--,--
--,--,--
--,--,--
--,--,--
--,--,--
--,--,--
--,--,--
--,--,--
--,--,--
--,--,--
--,--,--
--,--,--
--,--,--
--,--,--
--,--,--
--,--,--
--,--,--
--,--,--
--,--,--
--,--,--
--,--,--
--,--,--
--,--,--
--,--,--
--,--,--
--,--,--
--,--,--
--,--,--
--,--,--
--,--,--
--,--,--
--,--,--
--,--,--
--,--,--
--,--,--
--,--,--
--,--,--
--,--,--
--,--,--
--,--,--
--,--,--
--,--,--
--,--,--
--,--,--
--,--,--
--,--,--
--,--,--
--,--,--
--,--,--
--,--,--
--,--,--
--,--,--
--,--,--
--,--,--
--,--,--
--,--,--
--,--,--
--,--,--
--,--,--
--,--,--
--,--,--
--,--,--
--,--,--
--,--,--
--,--,--
--,--,--
--,--,--
--,--,--
--,--,--
--,--,--
--,--,--
--,--,--
--,--,--
--,--,--
--,--,--
--,--,--
--,--,--
--,--,--
--,--,--
--,--,--
--,--,--
--,--,--
--,--,--
--,--,--
--,--,--
--,--,--
--,--,--
--,--,--
--,--,--
--,--,--
--,--,--
--,--,--
--,--,--
--,--,--
--,--,--
--,--,--
--,--,--
--,--,--
--,--,--
--,--,--
--,--,--
--,--,--
--,--,--
--,--,--
--,--,--
--,--,--
--,--,--
--,--,--
--,--,--
--,--,--
--,--,--
--,--,--
--,--,--
--,--,--
--,--,--
--,--,--
--,--,--
--,--,--
--,--,--
--,--,--
--,--,--
--,--,--
--,--,--
--,--,--
--,--,--
--,--,--
--,--,--
--,--,--
--,--,--
--,--,--
--,--,--
--,--,--
--,--,--
--,--,--
--,--,--
--,--,--
--,--,--
--,--,--
--,--,--
--,--,--
--,--,--
--,--,--
